[
  {
    "email": "caballerosasha@hotmail.com",
    "text": "ah bue holis",
    "time": "mayo 29º 2022, 10:35:01 am"
  },
  {
    "email": "caballerosasha@hotmail.com",
    "text": "ho",
    "time": "29/5/2022 10:54:15"
  },
  {
    "email": "caballerosasha@hotmail.com",
    "text": "we",
    "time": "29/5/2022 11:04:10"
  },
  {
    "email": "caballerosasha@hotmail.com",
    "text": "uwu",
    "time": "29/5/2022 11:04:15"
  },
  {
    "email": "caballerosasha@hotmail.com",
    "text": "xd",
    "time": "29/5/2022 11:04:18"
  },
  {
    "email": "caballerosasha@hotmail.com",
    "text": "xd",
    "time": "29/5/2022 11:04:19"
  },
  {
    "email": "caballerosasha@hotmail.com",
    "text": "xd",
    "time": "29/5/2022 11:04:21"
  },
  {
    "email": "caballerosasha@hotmail.com",
    "text": "xd",
    "time": "29/5/2022 11:04:22"
  },
  {
    "email": "caballerosasha@hotmail.com",
    "text": "y ahora",
    "time": "29/5/2022 11:04:29"
  },
  {
    "email": "caballerosasha@hotmail.com",
    "text": "xdddd",
    "time": "29/5/2022 11:04:33"
  },
  {
    "email": "caballerosasha@hotmail.com",
    "text": "hola",
    "time": "29/5/2022 11:15:13"
  },
  {
    "email": "caballerosasha@hotmail.com",
    "text": "a re",
    "time": "29/5/2022 11:15:19"
  },
  {
    "email": "caballerosasha@hotmail.com",
    "text": "holaaa",
    "time": "29/5/2022 11:24:07"
  },
  {
    "email": "caba@hotmail.com",
    "text": "a re",
    "time": "29/5/2022 12:12:43"
  }
]