[
  {
    "id": 1,
    "timestamp": 1654565554505,
    "productos": [
      {
        "name": "Rickenbacker 4001",
        "price": "250000",
        "desc": "Bajo",
        "photo": "https://encrypted-tbn0.gstatic.com/images?q=tbn:ANd9GcSRhlKJgp5ko3-k4CGhbibj2RYUKuaTOk2tXzQw8452UpfuMc-xicMUErQXjciEjfStqGY&usqp=CAU",
        "code": "2141sd",
        "stock": "5",
        "id": 4
      },
      {
        "name": "Fender Stratocaster 2",
        "price": "150000",
        "desc": "Guitarra tradicional de Fender",
        "photo": "https://static.thenounproject.com/png/1158029-200.png",
        "code": "fa3qwg",
        "stock": "10",
        "id": 3
      }
    ]
  }
]